{"RETURN": 6.430637124993338, "REWARD": 17.8704225264462, "ENTROPY": -0.3274591565132141, "_timestamp": 1700743370.5452342, "_runtime": 1965.7473142147064, "_step": 26, "_wandb": {"runtime": 2005}}