{"RETURN": 3.563731893367171, "REWARD": 11.44212239665108, "ENTROPY": 0.9706790447235107, "_timestamp": 1700738327.1523306, "_runtime": 37.71915364265442, "_step": 0, "_wandb": {"runtime": 37}}