{"RETURN": 3.9821804917620987, "REWARD": 11.67980987955724, "ENTROPY": 1.6496292352676392, "_timestamp": 1700738672.4077528, "_runtime": 37.48397374153137, "_step": 0, "_wandb": {"runtime": 79}}