{"RETURN": 3.9457061207030932, "REWARD": 12.660800286128781, "ENTROPY": 1.0383620262145996, "_timestamp": 1700739657.5501804, "_runtime": 32.516905546188354, "_step": 0, "_wandb": {"runtime": 36}}