{"RETURN": 3.0965591506450156, "REWARD": 8.30085510695247, "ENTROPY": -0.20659710466861725, "_timestamp": 1700743398.6877718, "_runtime": 1949.8891997337341, "_step": 25, "_wandb": {"runtime": 1960}}