{"RETURN": 4.796721241239561, "REWARD": 19.022838630366405, "ENTROPY": 0.06578431278467178, "_timestamp": 1700741276.2864182, "_runtime": 1186.7539432048798, "_step": 20, "_wandb": {"runtime": 1209}}