{"RETURN": 72.62813106699032, "REWARD": 464.9889307583497, "ENTROPY": -3.303243398666382, "_timestamp": 1700752954.1080263, "_runtime": 892.5070872306824, "_step": 18, "_wandb": {"runtime": 911}}