{"RETURN": 38.854634180756044, "REWARD": 224.9666516608411, "ENTROPY": 0.39947354793548584, "_timestamp": 1700132003.6816502, "_runtime": 941.0492942333221, "_step": 13, "_wandb": {"runtime": 954}}