{"RETURN": 74.2506001116116, "REWARD": 469.04111693674605, "ENTROPY": 0.5152754187583923, "_timestamp": 1700138874.3841972, "_runtime": 6842.110572338104, "_step": 99, "_wandb": {"runtime": 6841}}