{"RETURN": 62.363265666969994, "REWARD": 399.3156669527794, "ENTROPY": 0.38492271304130554, "_timestamp": 1700074092.9414616, "_runtime": 1083.9615786075592, "_step": 19, "_wandb": {"runtime": 1083}}