{"RETURN": 60.334781827860716, "REWARD": 430.6796416498123, "ENTROPY": -5.396651744842529, "_timestamp": 1700749799.4546466, "_runtime": 1367.2053456306458, "_step": 17, "_wandb": {"runtime": 1402}}