{"RETURN": 64.12383230125663, "REWARD": 398.04843414626106, "ENTROPY": -4.720619201660156, "_timestamp": 1700749463.9677346, "_runtime": 1621.5237135887146, "_step": 99, "_wandb": {"runtime": 1620}}