{"RETURN": 5.272652188729652, "REWARD": 19.523882460646146, "ENTROPY": 0.5936933755874634, "_timestamp": 1700154491.7801027, "_runtime": 124.47014570236206, "_step": 2, "_wandb": {"runtime": 136}}