{"RETURN": 40.23250030786529, "REWARD": 327.35432652795873, "ENTROPY": -6.914811611175537, "_timestamp": 1700751998.0029259, "_runtime": 604.8618488311768, "_step": 10, "_wandb": {"runtime": 625}}