{"RETURN": 67.34243868726489, "REWARD": 371.86878135501155, "ENTROPY": 0.33995935320854187, "_timestamp": 1700159834.5829127, "_runtime": 4366.556137800217, "_step": 99, "_wandb": {"runtime": 4366}}