{"RETURN": 63.83276928265888, "REWARD": 450.66690748844803, "ENTROPY": -2.511652946472168, "_timestamp": 1700752012.6904955, "_runtime": 783.1425724029541, "_step": 15, "_wandb": {"runtime": 790}}