{"RETURN": 6.05459294137571, "REWARD": 31.63170783487598, "ENTROPY": 0.676525354385376, "_timestamp": 1700741285.544998, "_runtime": 1151.197054862976, "_step": 19, "_wandb": {"runtime": 1166}}