{"RETURN": 31.534444780392604, "REWARD": 203.22225315696167, "ENTROPY": 0.5473960041999817, "_timestamp": 1700239366.438334, "_runtime": 5254.154855012894, "_step": 99, "_wandb": {"runtime": 5253}}