{"RETURN": 25.072726301110787, "REWARD": 118.6857293909993, "ENTROPY": 0.42371895909309387, "_timestamp": 1700073637.8057997, "_runtime": 615.4435968399048, "_step": 9, "_wandb": {"runtime": 614}}