{"RETURN": 11.239432935353209, "REWARD": 40.03359478685726, "ENTROPY": -5.0447611808776855, "_timestamp": 1700743476.2271137, "_runtime": 519.9311616420746, "_step": 8, "_wandb": {"runtime": 527}}