{"RETURN": 6.178239904095274, "REWARD": 25.033701413612963, "ENTROPY": 0.19566909968852997, "_timestamp": 1700136658.0895605, "_runtime": 5514.551640510559, "_step": 71, "_wandb": {"runtime": 5571}}