{"RETURN": 38.00271510746924, "REWARD": 204.1486467015528, "ENTROPY": -6.681171417236328, "_timestamp": 1700746174.357069, "_runtime": 647.7757489681244, "_step": 18, "_wandb": {"runtime": 665}}