{"RETURN": 4.240730767494828, "REWARD": 13.880091920884887, "ENTROPY": 0.16583867371082306, "_timestamp": 1700752598.615462, "_runtime": 811.9273781776428, "_step": 12, "_wandb": {"runtime": 813}}