{"RETURN": 49.95682592300249, "REWARD": 358.98832502127453, "ENTROPY": 0.574265718460083, "_timestamp": 1700063188.44428, "_runtime": 3333.0461609363556, "_step": 99, "_wandb": {"runtime": 3331}}