{"RETURN": 4.306776162073226, "REWARD": 17.29924921443776, "ENTROPY": 0.5960555672645569, "_timestamp": 1700740018.177898, "_runtime": 64.47499489784241, "_step": 1, "_wandb": {"runtime": 93}}