{"RETURN": 3.442805132676131, "REWARD": 9.044356204621675, "ENTROPY": 0.8426814079284668, "_timestamp": 1700130729.2350457, "_runtime": 305.0553066730499, "_step": 5, "_wandb": {"runtime": 346}}