{"RETURN": 5.470809792158502, "REWARD": 19.35773033823227, "ENTROPY": 0.8962181806564331, "_timestamp": 1700130713.91295, "_runtime": 59.3322970867157, "_step": 0, "_wandb": {"runtime": 114}}