{"RETURN": 68.37249305057281, "REWARD": 458.0555524988597, "ENTROPY": 0.3032945990562439, "_timestamp": 1700074740.1485634, "_runtime": 1750.465957403183, "_step": 39, "_wandb": {"runtime": 1750}}