{"RETURN": 22.815730977391258, "REWARD": 146.96099864887015, "ENTROPY": 0.42165660858154297, "_timestamp": 1700231326.8438153, "_runtime": 4595.956156253815, "_step": 71, "_wandb": {"runtime": 4603}}