{"RETURN": 42.620763343281205, "REWARD": 350.78374572361935, "ENTROPY": 0.6058250665664673, "_timestamp": 1700760739.7302809, "_runtime": 5703.567761898041, "_step": 99}