{"RETURN": 4.543228803825268, "REWARD": 17.737684029398007, "ENTROPY": 0.9864201545715332, "_timestamp": 1700739170.8908513, "_runtime": 41.538756370544434, "_step": 0, "_wandb": {"runtime": 51}}