{"RETURN": 68.46648521439911, "REWARD": 457.1647646266612, "ENTROPY": -5.804265975952148, "_timestamp": 1700749819.692036, "_runtime": 1607.9778108596802, "_step": 21, "_wandb": {"runtime": 1620}}