{"RETURN": 4.088066410237428, "REWARD": 9.449859840265269, "ENTROPY": 0.42091771960258484, "_timestamp": 1700139474.3293924, "_runtime": 2357.6768255233765, "_step": 44, "_wandb": {"runtime": 2388}}