{"RETURN": 3.702868282668127, "REWARD": 10.419477402872541, "ENTROPY": 0.5611947178840637, "_timestamp": 1700137064.0794616, "_runtime": 339.093843460083, "_step": 4, "_wandb": {"runtime": 350}}