{"RETURN": 31.077789128131105, "REWARD": 211.68776867672145, "ENTROPY": 0.5279670357704163, "_timestamp": 1700237354.3843424, "_runtime": 5952.156697511673, "_step": 99, "_wandb": {"runtime": 5951}}