{"RETURN": 45.872522792693495, "REWARD": 275.9115638707721, "ENTROPY": 0.27581629157066345, "_timestamp": 1700072871.552358, "_runtime": 437.5453279018402, "_step": 11, "_wandb": {"runtime": 449}}