{"RETURN": 4.0151667622605745, "REWARD": 14.332336561432038, "ENTROPY": 0.1887287199497223, "_timestamp": 1700742812.4625294, "_runtime": 950.6818535327911, "_step": 11, "_wandb": {"runtime": 960}}