{"RETURN": 6.279776215675692, "REWARD": 19.132784878196208, "ENTROPY": 0.4669366776943207, "_timestamp": 1700072850.5565927, "_runtime": 136.73095560073853, "_step": 2, "_wandb": {"runtime": 170}}