{"RETURN": 6.558609067644494, "REWARD": 14.520479345865782, "ENTROPY": -0.20612120628356934, "_timestamp": 1700751155.0383356, "_runtime": 875.7148225307465, "_step": 14, "_wandb": {"runtime": 917}}