{"RETURN": 22.37379412588122, "REWARD": 137.77928858672962, "ENTROPY": 0.16690057516098022, "_timestamp": 1700234060.3371367, "_runtime": 5010.965409755707, "_step": 81, "_wandb": {"runtime": 5049}}