{"RETURN": 46.297566118888255, "REWARD": 327.9775302759879, "ENTROPY": 0.4752286374568939, "_timestamp": 1700137854.9346025, "_runtime": 7001.251868486404, "_step": 99, "_wandb": {"runtime": 7000}}