{"RETURN": 4.933432763989823, "REWARD": 15.034411149957435, "ENTROPY": -0.2086317390203476, "_timestamp": 1700152989.1160762, "_runtime": 391.5464973449707, "_step": 8, "_wandb": {"runtime": 422}}