{"RETURN": 24.3368487511318, "REWARD": 147.93445560246118, "ENTROPY": 0.2224491685628891, "_timestamp": 1700228966.443119, "_runtime": 3242.1001811027527, "_step": 55, "_wandb": {"runtime": 3297}}