{"RETURN": 5.9980680189845, "REWARD": 17.428684670284355, "ENTROPY": -0.2319859266281128, "_timestamp": 1700751161.7039518, "_runtime": 1128.7563767433167, "_step": 17, "_wandb": {"runtime": 1160}}