{"RETURN": 27.038262733239836, "REWARD": 165.46314288284933, "ENTROPY": 0.5049216747283936, "_timestamp": 1700754268.4471235, "_runtime": 402.3580815792084, "_step": 9, "_wandb": {"runtime": 401}}