{"RETURN": 82.81182750347328, "REWARD": 480.69313315136657, "ENTROPY": 0.4455092251300812, "_timestamp": 1700143797.7647007, "_runtime": 4161.925142765045, "_step": 99, "_wandb": {"runtime": 4161}}