{"RETURN": 64.51353870308837, "REWARD": 453.18319481578055, "ENTROPY": 0.5921763181686401, "_timestamp": 1700753706.1302907, "_runtime": 964.4592328071594, "_step": 22, "_wandb": {"runtime": 980}}