{"RETURN": 36.43791315458954, "REWARD": 272.6792370481685, "ENTROPY": 0.6948591470718384, "_timestamp": 1700760506.143552, "_runtime": 6164.596519947052, "_step": 109, "_wandb": {"runtime": 6164}}