{"RETURN": 11.220616594862653, "REWARD": 48.048944687749305, "ENTROPY": -15.614426612854004, "_timestamp": 1700742904.6678066, "_runtime": 57.73719263076782, "_step": 0, "_wandb": {"runtime": 85}}