{"RETURN": 3.8849971538128596, "REWARD": 13.234310632963757, "ENTROPY": 0.9303598999977112, "_timestamp": 1700739855.9639916, "_runtime": 32.77059459686279, "_step": 0, "_wandb": {"runtime": 36}}