{"RETURN": 4.818087625481483, "REWARD": 21.768229866615656, "ENTROPY": 0.3064957857131958, "_timestamp": 1700130754.2897556, "_runtime": 1190.9664216041565, "_step": 30, "_wandb": {"runtime": 1204}}